Name,Title,Description,Stock,SEO Title,SEO Description,SEO Keywords,SEO_url
LIBERTY CAP,Шляпа Свободы.,"Композиция ""Шляпа Свободы"" словно соединяет два мира: мечты и реальность. Использование легкого синтетического шелка создает эффект парения, а ультрафиолетовое свечение подчеркивает яркость цветов, делая картину живой и динамичной. Четкие детали приглашают к исследованию, а двустороннее исполнение позволяет менять акцент в интерьере. Эта работа, отражающая индивидуальность автора, наполняет пространство энергией и позитивом, придавая комнате уникальное настроение и визуальный эффект.","☀️4.5x3 (XXL) - 1 на складе за 30000
☀️2.3x1.5 (L) - 1 на складе за 9990
☀️110x75 (S) - 1 на складе за 3990
☀️75x50 (XS) - 1 в BoogieShop (Питер) / 1 в CrazyBong (Москва) за 1990","Шляпа Свободы: картина, соединяющая мечты и реальность","Откройте для себя картину 'Шляпа Свободы', наполненную энергией и яркими цветами. Исследуйте уникальность и динамику этого произведения.","Шляпа Свободы, картина, мечты, реальность, синтетический шелк, яркие цвета, двустороннее исполнение, индивидуальность, визуальный эффект",liberty-cap
OWLS GORIZONT,Совы Горизонтальные.,"Картина «Совы Горизонтальные» привлекает взгляд уникальной гармонией мистики и яркости. Совы, изображенные в неординарной композиции, словно оживают на фоне легкого синтетического шелка, который при ультрафиолетовом свете раскрывает свои насыщенные цвета. Каждая деталь передает глубину замыслов автора, создавая атмосферу волшебства и загадки. Это произведение станет подходящим предметом в любом интерьере, добавляя живую энергетику и неповторимый стиль, подчеркивая индивидуальность пространства.","☀️2.3x1.5 (L) - 2 на складе за 9990
☀️110x75 (S) - 1 на складе / 1 в BoogieShop (Питер) за 3990
☀️75x50 (XS) - 2 на складе / 1 в CrazyBong (Москва) за 1990",Совы горизонтальные: мистическая картина с яркими цветами,"Картина «Совы Горизонтальные» сочетает мистику и яркость, создавая атмосферу волшебства. Откройте для себя уникальное произведение искусства.","совы, картина, мистика, яркие цвета, композиция, искусство, интерьер, волшебство, загадка",owls-gorizont
VERTICAL OWLS,Вертикальные Совы.,"Картина ""Совы Вертикальные"" привлекает внимание своей необычной вертикальной композицией, создавая ощущение движения и глубины. Яркие цвета и четкие детали, выполненные на легком синтетическом шелке, наполняют пространство энергией и динамикой. Ультрафиолетовое свечение добавляет загадочности, превращая обычное освещение в магический эффект. Это произведение станет уникальным произведением в интерьере, придавая ему свежесть и оригинальность.","☀️4.5x3 (XXL) - 1 на складе за 30000
☀️2.3x1.5 (L) - 1 на складе / 1 в CrazyBong (Москва) за 9990
☀️110x75 (S) - 1 на складе / 1 в BoogieShop (Питер) за 3990
☀️75x50 (XS) - 4 на складе / 1 в CrazyBong (Москва) за 1990",Картина Сов Вертикальные: яркие цвета и уникальная композиция,Картина 'Совы Вертикальные' удивляет вертикальной композицией и яркими цветами. Откройте для себя магию и оригинальность этого произведения.,"картина, совы, вертикальная композиция, яркие цвета, синтетический шелк, ультрафиолетовое свечение, авторская работа, интерьер",vertical-owls
DREAMCATCHERS,Совы Ловцы Снов.,"На полотне «Совиный эскиз» оживает мир, где совы становятся олицетворением мудрости и тайны. Яркие цвета, играющие под ультрафиолетом, создают волшебное свечение, наполняя пространство энергией и светом. Каждый элемент композиции тщательно проработан, что позволяет зрителю погружаться в детали, словно исследуя сказочный лес. Эта работа станет акцентом в интерьере, придавая ему уникальность и глубину, ведь за каждым элементом чувствуется авторская идея и страсть к визионерскому искусству.","☀️4.5x3 (XXL) - 1 на складе за 30000
☀️1.5x1 (M) - 1 на складе за 5990
☀️110x75 (S) - 1 на складе / 1 в BoogieShop (Питер) за 3990
☀️75x50 (XS) - 2 на складе за 1990",Совиный эскиз: мир мудрости и тайны в ярких цветах,"Откройте для себя картину «Совиный эскиз», где совы символизируют мудрость. Погружение в волшебный мир искусства и деталей.","сова, мудрость, тайна, яркие цвета, искусство, композиция, волшебство, интерьер, детали, энергия",dreamcatchers
FENIX,Сказочный Феникс.,"На флуоресцентном полотне изображена сказочная Птица Феникс, олицетворяющая надежду и возрождение. Яркие цвета, от голубых до огненно-красных, создают впечатление живого движения, словно птица готова взлететь с холста. Композиция наполнена гармонией и лёгкостью, а синтетический шелк придаёт работе глубину и текстуру. В ультрафиолетовом свете картина преображается, наполняя пространство волшебством. Этот оригинал станет акцентом в интерьере, наполняя атмосферу теплом и вдохновением.","☀️2.3x1.5 (L) - 1 на складе за 9990
☀️1.5x1 (M) - 1 в CrazyBong (Москва) за 5990
☀️110x75 (S) - 1 на складе / 1 в BoogieShop (Питер) / 1 в CrazyBong (Москва) за 3990
☀️75x50 (XS) - 2 на складе за 1990",Птица Феникс на флуоресцентном полотне - надежда и возрождение,Картина с изображением Птицы Феникс в ярких цветах символизирует надежду. Откройте для себя магию и вдохновение в этом произведении искусства.,"Птица Феникс, флуоресцентное полотно, надежда, возрождение, искусство, яркие цвета, интерьер, вдохновение, ультрафиолет, текстура",fenix
DRAGON TALES,Сказки Драконов.,"«Драконьи сказки» — это уникальное сочетание древних мифов и поп-культуры, где каждый элемент вызывает восхищение. Яркие, насыщенные цвета на синтетическом шелке словно оживают под ультрафиолетом, создавая атмосферу волшебства и загадки. Композиция привлекает внимание и создает яркий акцент в любом интерьере, придавая ему индивидуальность. Голографические спецэффекты и авторская идея делают эту картину не просто украшением, а настоящим произведением искусства, способным вдохновлять и наполнять пространство энергией.","☀️2.3x1.5 (L) - 1 на складе за 9990
☀️1.5x1 (M) - 1 на складе за 5990
☀️110x75 (S) - 2 на складе / 1 в BoogieShop (Питер) / 1 в CrazyBong (Москва) за 3990
☀️75x50 (XS) - 4 на складе / 1 в BoogieShop (Питер) за 1990",Драконьи сказки: уникальная картина с мифами и поп-культурой,"Яркая картина «Драконьи сказки» сочетает мифы и поп-культуру, создавая волшебную атмосферу в интерьере. Откройте для себя искусство ручной работы.","драконьи сказки, картина, мифы, поп-культура, яркие цвета, искусство, ручная работа, интерьер, волшебство, загадка",dragon-tales
DARK FOR REST,Тёмный Лес.,"На этом полотне запечатлён темный лес, окутанный загадочной тишиной, где каждый элемент словно дышит спокойствием. Ультрафиолетовое свечение синтетического шелка придаёт картине необычную живость, а яркие цвета и чёткие детали создают ощущение глубины и объёма. Это произведение искусства не просто украсит ваш интерьер, но и станет источником умиротворяющей энергии. Авторская идея и мастерство цифрового искусства наполняют его уникальностью, создавая предмет для размышлений и вдохновения.","☀️2.3x1.5 (L) - 1 в CrazyBong (Москва) за 9990
☀️1.5x1 (M) - 2 в CrazyBong (Москва) за 5990
☀️110x75 (S) - 1 на складе / 1 в BoogieShop (Питер) / 1 в CrazyBong (Москва) за 3990
☀️75x50 (XS) - 5 на складе за 1990",Темный лес в ультрафиолетовом свете: уникальная картина,Картина с темным лесом и ультрафиолетовым сиянием создает атмосферу умиротворения и вдохновения. Откройте для себя это произведение искусства.,"темный лес, ультрафиолет, картина, искусство, спокойствие, вдохновение, ручная работа, интерьер",dark-for-rest
TEA MASTER,Чайный Мастер.,"На этом флуоресцентном полотне «Чайная Церемония» традиции Востока встречаются с современными технологиями. Легкий синтетический шелк, словно живой, переливается под ультрафиолетом, создавая атмосферу таинственности и уюта. Яркие цвета, от глубоких синих до нежных розовых, вносят динамику в пространство, заставляя зрителя остановиться и задуматься. Это полотно не просто украшение — оно становится центром внимания, способным преобразить интерьер и добавить ему свежести, создавая особое настроение для ценителей эстетики и традиций.","☀️4.5x3 (XXL) - 2 на складе за 30000
☀️2.3x1.5 (L) - 2 на складе за 9990
☀️1.5x1 (M) - 1 в BoogieShop (Питер) за 5990
☀️110x75 (S) - 1 на складе / 1 в BoogieShop (Питер) за 3990
☀️75x50 (XS) - 4 на складе / 1 в BoogieShop (Питер) за 1990",Чайная Церемония: восточные традиции и современный стиль,"Флуоресцентное полотно «Чайная Церемония» сочетает восточные традиции и современные технологии, создавая уникальную атмосферу уюта.","чайная церемония, флуоресцентное полотно, восточные традиции, современный стиль, синтетический шелк, интерьер, эстетика, уют",tea-master
ALCHEMY,Трилогия Алхимия. Полная версия.,"Картина ""Трилогия Алхимия"" привлекает своей уникальностью, благодаря необычному сочетанию элементов и яркой палитре. Легкий синтетический шелк, отражая ультрафиолетовые лучи, создает живую игру света, наполняя пространство энергией и динамикой. Динамичная композиция и четкие детали делают ее центром внимания, способным преобразить интерьер. Она вдохновляет на размышления о соединении различных миров, добавляя в спальню или открытое пространство нотки волшебства и загадки. Оригинальность цифровой живописи подчеркивает авторскую идею, создавая глубину и эмоциональную связь с зрителем.","☀️2.3x1.5 (L) - 1 на складе за 9990
☀️1.5x1 (M) - 1 на складе за 5990
☀️110x75 (S) - 1 на складе / 1 в BoogieShop (Питер) за 3990
☀️75x50 (XS) - 2 на складе за 1990",Трилогия Алхимия: уникальная картина для вашего интерьера,"Картина 'Трилогия Алхимия' привлекает яркими цветами и динамичной композицией, добавляя волшебство в любое пространство.","Трилогия Алхимия, картина, интерьер, уникальность, яркие цвета, динамика, ручная работа, авторская идея, волшебство",alchemy
FIRE,Трилогия. Дух Огня. Часть первая.,"На полотне ""Трилогия. Дух Огня"" запечатлён момент глубокого созерцания: монах, погружённый в свои мысли, сидит у пылающего огня. Яркие, искристые цвета синтетического шелка создают атмосферу тепла и уюта, особенно при ультрафиолетовом свете, когда работа словно оживает. Композиция сочетает спокойствие и внутреннюю силу, придавая пространству особую энергетику. Оригинальная циифровая живопись не только привносит художественную ценность, но и становится предметом, способным вдохновлять и наполнять интерьер гармонией.","☀️3x3 (XXL) - 1 на складе за 25000
☀️2.5x2.5 (XL) - 1 на складе за 16000
☀️1.5x1.5 (L) - 1 на складе за 6450
☀️75x75 (S) - 1 на складе за 3450
☀️50x50 (XS) - 5 на складе за 1990",Трилогия. Дух Огня: картина с монахом у пылающего огня,"Картина 'Трилогия. Дух Огня' передает атмосферу тепла и уюта, создавая гармонию в интерьере. Откройте для себя её глубокую энергетику.","Трилогия, Дух Огня, монах, огонь, картина, искусство, интерьер, гармония, ручная работа, атмосфера",fire
ARCHITECT,Трилогия. Архитектор. Часть вторая.,"В картине «Трилогия» архитектор выступает в роли Творца, а полотно с инструментами воплощает креативный процесс. Яркие, насыщенные цвета словно танцуют на легком синтетическом шелке, который, при уф-освещении, оживает новым светом. Композиция передаёт энергию творчества и вдохновения, создавая атмосферу динамики и гармонии. Это произведение станет выразительным предметом в интерьере, наполняя пространство яркими эмоциями и глубокими размышлениями. Оригинальная иллюстрация добавляет ценности, делая каждую деталь уникальной.","☀️2.5x2.5 (XL) - 1 на складе за 16000
☀️1.5x1.5 (L) - 1 в CrazyBong (Москва) за 6450
☀️1x1 (M) - 2 на складе за 4450
☀️75x75 (S) - 1 на складе за 3450
☀️50x50 (XS) - 5 на складе за 1990",Трилогия: яркая картина о творчестве и вдохновении,Картина «Трилогия» передает энергию творчества через яркие цвета и уникальные детали. Откройте для себя новое в искусстве.,"Трилогия, картина, творчество, вдохновение, яркие цвета, уникальная работа, интерьер, динамика, гармония",architect
WATER,Трилогия. Дух Воды. Часть третья.,"На картине ""Дух Воды"" представлен монах, погружённый в атмосферу тропиков, где каждый элемент передаёт гармонию и спокойствие. Яркие цвета синтетического шелка словно играют на свету, создавая чувственное свечение в ультрафиолете. Композиция балансирует между реализмом и абстракцией, подчеркивая внутренний мир героя. Эта работа станет изюминкой интерьера, привнося в него тепло и умиротворение, а её живописность и авторская задумка делают оригинал по-настоящему ценным.","☀️3x3 (XXL) - 1 на складе за 25000
☀️2.5x2.5 (XL) - 1 на складе за 16000
☀️1.5x1.5 (L) - 1 в CrazyBong (Москва) за 6450
☀️1x1 (M) - 1 на складе за 4450
☀️75x75 (S) - 1 на складе за 3450
☀️50x50 (XS) - 5 на складе за 1990",Дух Воды: гармония тропиков и внутренний мир монаха,На картине 'Дух Воды' монах в тропиках передает спокойствие и гармонию. Откройте для себя уникальную атмосферу и красоту этого произведения.,"Дух Воды, монах, тропики, гармония, спокойствие, картина, искусство, оригинал, ручная работа, интерьер",water
COSMIC TEMPLE,Космический Храм. Водопад Махакалы.,"Космический Храм Водопад Махакалы — это удивительное переплетение времени и пространства, воплощенное в ярких цветах и четких деталях. Синтетический шелк, словно живой, переливается в ультрафиолете, создавая атмосферу волшебства и загадки. Композиция картины гармонично сочетает динамику и спокойствие, пробуждая интерес и восхищение. Она станет не просто предметом в интерьере, а источником вдохновения и медитации, наполняя пространство энергией и светом. Оригинальность цифровой живописи придаёт ей особую ценность, отражая авторскую идею о бесконечности времени.",,Космический храм водопад Махакалы: волшебство и загадка,"Откройте для себя космический храм водопад Махакалы, наполненный яркими цветами и уникальной атмосферой, вдохновляющей на медитацию.","космический храм, водопад Махакалы, яркие цвета, атмосфера волшебства, оригинальная ручная работа, вдохновение, медитация",cosmic-temple
COSMIC MONKS,Слёт Космических Монахов.,"На полотне ""Слет Космических Монахов"" оживают необычные персонажи, окутанные mystique космоса. В их движениях чувствуется легкость и грация, словно они танцуют в невесомости. Яркие цвета, подсвеченные ультрафиолетом, создают атмосферу безмятежности и вдохновения, унося в мир мечты. Композиция, насыщенная деталями, притягивает взгляд, заставляя рассматривать каждый нюанс. Это произведение станет центром внимания в интерьере, наполняя пространство энергией и глубиной авторской идеи. В нем сочетается классическая живопись и цифровая уникальность, что придает особую ценность оригиналу.","☀️2.3x1.5 (L) - 1 на складе за 9990
☀️1.5x1 (M) - 1 на складе за 5990
☀️110x75 (S) - 1 на складе / 1 в BoogieShop (Питер) за 3990
☀️75x50 (XS) - 3 на складе / 1 в BoogieShop (Питер) за 1990",Слет космических монахов: картина с уникальными персонажами,Картина 'Слет Космических Монахов' погружает в мир космической грации и ярких цветов. Откройте для себя её уникальность и вдохновение.,"космические монахи, картина, яркие цвета, невесомость, вдохновение, уникальность, ручная работа, детали",cosmic-monks
COSMIC TEA,Космический чай. Джинн Али.,"На полотне изображена африканская чайная церемония, запечатлённая в моменте, когда время замирает. Яркие флуоресцентные оттенки, словно вспышки жизни, придают картине динамику и глубину, а легкий синтетический шелк создаёт эффект волшебного сияния в ультрафиолете. Эта работа не просто украшение, а источник вдохновения, радующий глаз и наполняющий пространство теплом. Оригинальная работа привносит в интерьер уникальность, создавая атмосферу уюта и культурного богатства.","☀️1.5x0.9 (M) - 1 на складе / 1 в CrazyBong (Москва) за 5990
☀️1.3x0.75 (S) - 1 на складе за 3990",Африканская чайная церемония: яркие флуоресцентные оттенки,Погрузитесь в атмосферу африканской чайной церемонии с яркими цветами и волшебным сиянием. Эта картина вдохновит и украсит ваш интерьер.,"африканская чайная церемония, яркие оттенки, волшебное сияние, ручная работа, интерьер, уют, культурное богатство",cosmic-tea
FRACTAL BEE,Фрактальные Пчелы.,"«Фрактальные Пчелы» — это не просто картина, а живое отражение эпохи, когда безработица стала толчком для творчества. Яркие, насыщенные цвета и четкие детали в композиции создают удивительное ощущение динамики и легкости. Синтетический шелк, который светится в ультрафиолете, добавляет работе особый шарм, превращая её в источник света и вдохновения. Она станет ярким предметом в интерьере, наполняя пространство оптимизмом и энергией. Каждый взгляд на эту картину подчеркивает уникальность автора и его способность находить красоту даже в трудные времена.","☀️2.3x1.5 (L) - 1 на складе за 9990
☀️110x75 (S) - 1 на складе / 2 в BoogieShop (Питер) за 3990
☀️75x50 (XS) - 5 на складе за 1990",Фрактальные пчелы: яркая картина о творчестве и вдохновении,"Откройте для себя 'Фрактальные Пчелы' — картину, отражающую эпоху творчества и оптимизма. Яркие цвета и светящийся шелк вдохновляют.","фрактальные пчелы, картина, творчество, вдохновение, яркие цвета, синтетический шелк, уникальность, интерьер",fractal-bee
SUMMERTIME,Танец Бабочки. Летняя пора.,"Танец Бабочек — это волшебное полотно, где легкость и яркость сливаются в единое целое. Синтетический шелк, словно живой, излучает свет в ультрафиолетовом диапазоне, наполняя пространство радостью и энергией. Каждый штрих и деталь пронизаны нежностью, создавая ощущение парения и свободы. Эта картина станет не просто элементом декора, а настоящим источником вдохновения, привнося в интерьер атмосферу легкости и гармонии. Оригинальность цифровой работы делает её уникальной находкой для ценителей искусства.","☀️2.3x1.5 (L) - 1 на складе за 9990
☀️110x75 (S) - 1 на складе за 3990
☀️75x50 (XS) - 1 на складе / 1 в CrazyBong (Москва) за 1990",Танец Бабочек: волшебное полотно с легкостью и яркостью,"Откройте для себя Танец Бабочек — картину, наполненную светом и нежностью. Погрузитесь в атмосферу легкости и вдохновения.","Танец Бабочек, картина, искусство, легкость, вдохновение, интерьер, ручная работа, уникальность, гармония",summertime
ROYAL COBRA,Королевская Кобра.,"Изображение королевской кобры, обвивающейся вокруг символов чистоты и невинности, создает уникальный контраст между жесткостью природы и мягкостью идеалов. Яркие цвета, насыщенные и глубокие, словно выходят за пределы холста, наполняя пространство энергией. Композиция динамична, но в ней присутствует гармония, которая успокаивает. Этот арт станет предметом в интерьере, привнося свежесть и оригинальность, а его ручная работа и авторская идея придают особую ценность, делая каждую деталь значимой.","☀️3x2 (XL) - 1 на складе за 16000
☀️1.5x1 (M) - 1 на складе / 1 в BoogieShop (Питер) за 5990
☀️110x75 (S) - 1 на складе / 1 в CrazyBong (Москва) за 3990
☀️75x50 (XS) - 2 на складе / 1 в BoogieShop (Питер) за 1990",Королевская кобра: контраст природы и идеалов в искусстве,Изображение кобры и символов невинности создает уникальный контраст. Откройте для себя гармонию и энергетику этого произведения.,"королевская кобра, искусство, контраст, невинность, яркие цвета, динамика, гармония, интерьер, ручная работа, авторская идея",royal-cobra
FREEDOM WAVE,Волна Свободы.,"На этом полотне «Волна Свободы» запечатлён динамичный момент, когда стриж, словно символ стремления к свободе, вырывается из плена. Яркие цвета, отражающие свет, создают ощущение лёгкости и безмятежности. Синтетический шелк добавляет глубины и текстуры, особенно в ультрафиолетовом свете, когда картина буквально оживает. Она станет центром притяжения в вашем интерьере, придавая ему энергичность и эстетическую насыщенность, подчеркивая авторскую задумку о спасении и свободе. Оригинал, рожденный из реальной истоии, несёт в себе уникальность и поистине настоящие эмоции.","☀️1.5x1.5 (L) - 1 на складе за 6450
☀️75x75 (S) - 1 на складе / 1 в BoogieShop (Питер) / 1 в CrazyBong (Москва) за 3450
☀️50x50 (XS) - 3 на складе за 1990",Волна Свободы: картина о стремлении и свободе,"Картина 'Волна Свободы' передает динамику и легкость, символизируя стремление к свободе. Откройте для себя уникальную историю и эмоции.","Волна Свободы, картина, стриж, свобода, яркие цвета, синтетический шелк, интерьер, эмоции, уникальная история",freedom-wave
JAGUAR,Ягуар,"Перед вами картина с изображением ягуара — символа силы и мистики, который словно вырывается из тени, приглашая зрителя в мир духов. Яркие, насыщенные цвета на легком синтетическом шелке создают эффект погружения, а детали, проработанные до мелочей, придают образу глубину и динамику. Ультрафиолетовое свечение придаёт произведению особую энергию, оживляя пространство и наполняя его загадкой. Этот арт станет ярким украшением в интерьере, способным вызвать восхищение и вдохновение. Оригинальная цифровая иллюстрация мастера несёт в себе уникальную идею и атмосферу, привнося в ваш дом частичку природы и магии.","☀️75x75 (S) - 3 на складе за 3450
☀️1.5x1 (M) - 1 на складе за 5990","Ягуар на картине: сила, мистики и яркие цвета","Картина с ягуаром приглашает в мир духов, яркие цвета и детали создают уникальную атмосферу. Откройте для себя эту магию.","ягуар, картина, мистика, искусство, яркие цвета, ультрафиолет, интерьер, ручная работа, природа, энергия",jaguar