Name,Title,Description,Price,Stock,SEO Title,SEO Description,SEO Keywords
SARASVATI,Индийская коллекция. Сарасвати.,"Флуоресцентное полотно с изображением богини Сарасвати - это первая моя работа, нарисованная специально для изготовления визионерского флуоресцентного полотна. Я специально выбрал образ Богини Творчества и Знаний для старта Сего Пути. Именно поэтому Она встречает Вас первой. <br><br> Приятный на ощупь синтетический шелк, легкий и прочный материал. Активно светится в ультрафиолете, неоне и при RGB-свете. Высокое качество детализации. Чёткий рисунок с насыщенными цветами отлично смотрится и днём. Принт и материал выдерживают любые стирки и выставки open air. Без запаха, безопасно даже для спальни — можно вешать как внтури помещения, так и на открытом воздухе.",от 1990,в наличии L(2.3x1.5) 2 шт в CHUVASHIA; в наличии M(1.5x1) 1 шт в MOSCOW; в наличии S(110x75) 1 шт в CHUVASHIA и 1 шт в MOSCOW; в наличии XS(75x50) 1 шт в CHUVASHIA и 1 шт в SAINT PITER.,"Флуоресцентное полотно ""Сарасвати."" — ANAHART","Флуоресцентное полотно с изображением богини Сарасвати - это первая моя работа, нарисованная специально для изготовления визионерского флуоресцентного полотна. Светится в ультрафиолете. Идеально для декора, фестивалей и интерьеров.","air, open, rgb, Сарасвати, активно, без, безопасно, богини, вас, вешать, визионерского, внтури, воздухе, встречает, выбрал, выдерживают, высокое, выставки, даже, детализации, для, днём, запаха, знаний, изготовления, изображением, именно, как, качеств"
SHRI YANTRA,Индийская коллекция. Шри Янтра.,"Шри Янтра. Светится в ультрафиолете. Магическая схема мира. Поистине Сакральная Геометрия. <br><br> Приятный на ощупь синтетический шелк, легкий и прочный материал. Активно светится в ультрафиолете, неоне и при RGB-свете. Высокое качество детализации. Чёткий рисунок с насыщенными цветами отлично смотрится и днём. Принт и материал выдерживают любые стирки и выставки open air. Без запаха, безопасно даже для спальни — можно вешать как внтури помещения, так и на открытом воздухе.",3450,в наличии M(1x1) 1 шт в CHUVASHIA.,"Флуоресцентное полотно ""Шри Янтра."" — ANAHART","Шри Янтра. Светится в ультрафиолете. Идеально для декора, фестивалей и интерьеров.","air, open, rgb, Шри, Янтра, активно, без, безопасно, вешать, внтури, воздухе, выдерживают, высокое, выставки, геометрия, даже, детализации, для, днём, запаха, как, качество, легкий, любые, магическая, материал, мира, можно, насыщенными, неоне, открыт"
GANESHA,Индийская коллекция. Ганеша.,"Ганеша. Бог Мудрости и устранитель препятствий. Сын Шивы и Парвати. Мудрость, которую призывают перед началом любого дела и действия.<br><br> Приятный на ощупь синтетический шелк, легкий и прочный материал. Активно светится в ультрафиолете, неоне и при RGB-свете. Высокое качество детализации. Чёткий рисунок с насыщенными цветами отлично смотрится и днём. Принт и материал выдерживают любые стирки и выставки open air. Без запаха, безопасно даже для спальни — можно вешать как внтури помещения, так и на открытом воздухе.",от 3990,в наличии L(2.3x1.5) 1 шт в CHUVASHIA; в наличии M(1.5x1) 1 шт в CHUVASHIA; в наличии S(110x75) 1 шт в MOSCOW.,"Флуоресцентное полотно ""Ганеша."" — ANAHART","Ганеша. Светится в ультрафиолете. Идеально для декора, фестивалей и интерьеров.","air, open, rgb, Ганеша, активно, без, безопасно, бог, вешать, внтури, воздухе, выдерживают, высокое, выставки, ганеша, даже, действия, дела, детализации, для, днём, запаха, как, качество, которую, легкий, любого, любые, материал, можно, мудрости, муд"
DURGA,Индийская коллекция. Дурга.,"Дурга. Олицетворение Всех Сил этого Творения. Само проявление материального мира реализовано именно Матерью Дургой в индуистском пантеоне.<br><br> Приятный на ощупь синтетический шелк, легкий и прочный материал. Активно светится в ультрафиолете, неоне и при RGB-свете. Высокое качество детализации. Чёткий рисунок с насыщенными цветами отлично смотрится и днём. Принт и материал выдерживают любые стирки и выставки open air. Без запаха, безопасно даже для спальни — можно вешать как внтури помещения, так и на открытом воздухе.",3990,в наличии S(110x75) 1 шт в CHUVASHIA.,"Флуоресцентное полотно ""Дурга."" — ANAHART","Дурга. Светится в ультрафиолете. Идеально для декора, фестивалей и интерьеров.","air, open, rgb, Дурга, активно, без, безопасно, вешать, внтури, воздухе, всех, выдерживают, высокое, выставки, даже, детализации, для, днём, дурга, дургой, запаха, именно, индуистском, как, качество, легкий, любые, материал, материального, матерью, м"
HANUMAN,Индийская коллекция. Хануман.,"Хануман. Олицетворение Дружбы и Верности. Преданности и Отваги. <br><br> Полотно изготовлено из приятного на ощупь синтетического шелка. Легкий и прочный материал. Активно светится в ультрафиолете, неоне и при RGB-свете. Высокое качество детализации. Чёткий рисунок с насыщенными цветами отлично смотрится и днём. Принт и материал выдерживают любые стирки и выставки open air. Без запаха, безопасно даже для спальни — можно вешать как внтури помещения, так и на открытом воздухе.",от 1990,в наличии L(2.3x1.5) 1 шт в CHUVASHIA; в наличии M(1.5x1) 1 шт в MOSCOW; в наличии S(110x75) 2 шт в CHUVASHIA; в наличии XS(75x50) 3 шт в CHUVASHIA и 1 шт в SAINT PITER и 1 шт в MOSCOW.,"Флуоресцентное полотно ""Хануман."" — ANAHART","Хануман. Светится в ультрафиолете. Идеально для декора, фестивалей и интерьеров.","air, open, rgb, Хануман, активно, без, безопасно, верности, вешать, внтури, воздухе, выдерживают, высокое, выставки, даже, детализации, для, днём, дружбы, запаха, изготовлено, как, качество, легкий, любые, материал, можно, насыщенными, неоне, олицетв"
NRISIMHA,Индийская коллекция. Нрисимха Дев.,"Нарисимха Дев. Одно из воплощений Вишну на Земле , как защитника праведных и верующих в Бога людей от любого рода негативного влияния. <br><br> Полотно изготовлено из приятного на ощупь синтетического шелка. Легкий и прочный материал. Активно светится в ультрафиолете, неоне и при RGB-свете. Высокое качество детализации. Чёткий рисунок с насыщенными цветами отлично смотрится и днём. Принт и материал выдерживают любые стирки и выставки open air. Без запаха, безопасно даже для спальни — можно вешать как внтури помещения, так и на открытом воздухе.",от 1990,в наличии L(2.3x1.5) 1 шт в CHUVASHIA; в наличии M(1.5x1) 1 шт в MOSCOW; в наличии S(110x75) 1 шт в CHUVASHIA и 1 шт в MOSCOW; в наличии XS(75x50) 2 шт в CHUVASHIA и 1 шт в SAINT PITER и 1 шт в MOSCOW.,"Флуоресцентное полотно ""Нрисимха Дев."" — ANAHART","Нарисимха Дев. Светится в ультрафиолете. Идеально для декора, фестивалей и интерьеров.","air, open, rgb, Дев, Нрисимха, активно, без, безопасно, бога, верующих, вешать, вишну, влияния, внтури, воздухе, воплощений, выдерживают, высокое, выставки, даже, дев, детализации, для, днём, запаха, защитника, земле, изготовлено, как, качество, легк"
BUDDHA,Индийская коллекция. Будда.,"Будда. Аватара Бога Вседержителя на планете, как Учителя, дающего рабочие практики для Пробуждения, Просветления и Спасения душ на планете  помощью собственного Тела, Разума и Сознания. <br><br> Полотно изготовлено из приятного на ощупь синтетического шелка. Легкий и прочный материал. Активно светится в ультрафиолете, неоне и при RGB-свете. Высокое качество детализации. Чёткий рисунок с насыщенными цветами отлично смотрится и днём. Принт и материал выдерживают любые стирки и выставки open air. Без запаха, безопасно даже для спальни — можно вешать как внтури помещения, так и на открытом воздухе.",от 1990,в наличии L(2.3x1.5) 1 шт в CHUVASHIA; в наличии M(1.5x1) 1 шт в MOSCOW; в наличии S(110x75) 1 шт в SAINT PITER и 1 шт в MOSCOW; в наличии XS(75x50) 1 шт в CHUVASHIA и 1 шт в MOSCOW.,"Флуоресцентное полотно ""Будда."" — ANAHART","Будда. Светится в ультрафиолете. Идеально для декора, фестивалей и интерьеров.","air, open, rgb, Будда, аватара, активно, без, безопасно, бога, будда, вешать, внтури, воздухе, вседержителя, выдерживают, высокое, выставки, даже, дающего, детализации, для, днём, душ, запаха, изготовлено, как, качество, легкий, любые, материал, можн"
SHIVA AND SHAKTI,Индийская коллекция. Шива и Шакти.,"Шива и Шакти. Дух и Материя. Грубая природа, целиком состоящая из тонкого Сознания. Именно эту идею отображает данная композиция. Если присотреться к деревьям и травам, то мы увиди, что они полностью состоят из букв, слов, мантр и литературных символов.<br><br> Полотно изготовлено из приятного на ощупь синтетического шелка. Легкий и прочный материал. Активно светится в ультрафиолете, неоне и при RGB-свете. Высокое качество детализации. Чёткий рисунок с насыщенными цветами отлично смотрится и днём. Принт и материал выдерживают любые стирки и выставки open air. Без запаха, безопасно даже для спальни — можно вешать как внтури помещения, так и на открытом воздухе.",от 1990,в наличии M(1.5x1) 1 шт в MOSCOW; в наличии XS(75x50) 1 шт в CHUVASHIA и 1 шт в SAINT PITER и 1 шт в MOSCOW.,"Флуоресцентное полотно ""Шива и Шакти."" — ANAHART","Шива и Шакти. Светится в ультрафиолете. Идеально для декора, фестивалей и интерьеров.","air, open, rgb, Шакти, Шива, активно, без, безопасно, букв, вешать, внтури, воздухе, выдерживают, высокое, выставки, грубая, даже, данная, деревьям, детализации, для, днём, дух, если, запаха, идею, изготовлено, именно, как, качество, композиция, легк"
BOOM SHIVA,Бом Шива.,"Бом Шива. Композиция из свежести природы, буйства ее красок, перелива росы, и красот лесов всей Земли, от Северных до Южных. От Пустоты до Изобилия. Все прекрасно и динамично. <br><br> Полотно изготовлено из приятного на ощупь синтетического шелка. Легкий и прочный материал. Активно светится в ультрафиолете, неоне и при RGB-свете. Высокое качество детализации. Чёткий рисунок с насыщенными цветами отлично смотрится и днём. Принт и материал выдерживают любые стирки и выставки open air. Без запаха, безопасно даже для спальни — можно вешать как внтури помещения, так и на открытом воздухе.",от 1990,в наличии L(2.3x1.5) 1 шт в MOSCOW; в наличии S(110x75) 2 шт в CHUVASHIA; в наличии XS(75x50) 2 шт в MOSCOW.,"Флуоресцентное полотно ""Бом Шива."" — ANAHART","Бом Шива. Светится в ультрафиолете. Идеально для декора, фестивалей и интерьеров.","air, open, rgb, Бом, Шива, активно, без, безопасно, бом, буйства, вешать, внтури, воздухе, все, всей, выдерживают, высокое, выставки, даже, детализации, динамично, для, днём, запаха, земли, изготовлено, изобилия, как, качество, композиция, красок, кр"
THAI CHILL,Тайский Чилл.,"Тайский чилл это не только релакс на пляже. В Тайланде вы непременно на каждом шагу и перекресте, возле каждого дома и отеля, всегда-всегда будете сталкиваться с буддист ской традицией тхеравада. И что-нибудь да непременно о ней узнаете. Возможно вы не просветлеете мгновенно, но впечатления об этом точно останутся на всю жизнь. Такие впечатления я отобразил в данной композиции после первого посещения этого удивительного сакрального королевства.<br><br> Полотно изготовлено из приятного на ощупь синтетического шелка. Легкий и прочный материал. Активно светится в ультрафиолете, неоне и при RGB-свете. Высокое качество детализации. Чёткий рисунок с насыщенными цветами отлично смотрится и днём. Принт и материал выдерживают любые стирки и выставки open air. Без запаха, безопасно даже для спальни — можно вешать как внтури помещения, так и на открытом воздухе.",от 1990,в наличии L(2.3x1.5) 1 шт в CHUVASHIA; в наличии M(1.5x1) 1 шт в CHUVASHIA; в наличии XS(75x50) 2 шт в CHUVASHIA.,"Флуоресцентное полотно ""Тайский Чилл."" — ANAHART","Тайский чилл это не только релакс на пляже. Светится в ультрафиолете. Идеально для декора, фестивалей и интерьеров.","air, open, rgb, Тайский, Чилл, активно, без, безопасно, буддист, будете, вешать, внтури, воздухе, возле, возможно, впечатления, всегда, всю, выдерживают, высокое, выставки, даже, данной, детализации, для, днём, дома, жизнь, запаха, изготовлено, каждо"
ACID VISION,Визионерское Видение.,"Хотелось создать что-то совсем абстрактное и отстраненное. Обычное, так сказать, визионерское видение. Но как визионерское может быть обычным?! В итоге получилась такая композиция, абстрактная на первый взгляд. И изобилующая множеством сакральных символов и живой природы, если приглядеться. Однако, вот оно такое - Взионерское Видение. <br><br> Полотно изготовлено из приятного на ощупь синтетического шелка. Легкий и прочный материал. Активно светится в ультрафиолете, неоне и при RGB-свете. Высокое качество детализации. Чёткий рисунок с насыщенными цветами отлично смотрится и днём. Принт и материал выдерживают любые стирки и выставки open air. Без запаха, безопасно даже для спальни — можно вешать как внтури помещения, так и на открытом воздухе.",от 1990,в наличии L(2.3x1.5) 1 шт в CHUVASHIA; в наличии M(1.5x1) 1 шт в MOSCOW; в наличии S(110x75) 2 шт в CHUVASHIA и 1 шт в SAINT PITER; в наличии XS(75x50) 2 шт в CHUVASHIA.,"Флуоресцентное полотно ""Визионерское Видение."" — ANAHART","Хотелось создать что-то совсем абстрактное и отстраненное. Светится в ультрафиолете. Идеально для декора, фестивалей и интерьеров.","air, open, rgb, Видение, Визионерское, абстрактная, абстрактное, активно, без, безопасно, быть, вешать, взгляд, взионерское, видение, визионерское, внтури, воздухе, вот, выдерживают, высокое, выставки, даже, детализации, для, днём, если, живой, запах"
KALI BHAIRAV MANDALA,Кали Бхайрава Мандала.,"Кали Бхайрава Мандала. Мандала Времени. Серьезные древние элементы в практически детском играючем стиле.<br><br> Приятный на ощупь синтетический шелк, легкий и прочный материал. Активно светится в ультрафиолете, неоне и при RGB-свете. Высокое качество детализации. Чёткий рисунок с насыщенными цветами отлично смотрится и днём. Принт и материал выдерживают любые стирки и выставки open air. Без запаха, безопасно даже для спальни — можно вешать как внтури помещения, так и на открытом воздухе.",от 1990,в наличии L(1.5x1.5) 1 шт в MOSCOW; в наличии S(75x75) 1 шт в CHUVASHIA и 1 шт в MOSCOW; в наличии XS(50x50) 1 шт в CHUVASHIA и 1 шт в MOSCOW.,"Флуоресцентное полотно ""Кали Бхайрава Мандала."" — ANAHART","Кали Бхайрава Мандала. Светится в ультрафиолете. Идеально для декора, фестивалей и интерьеров.","air, open, rgb, Бхайрава, Кали, Мандала, активно, без, безопасно, бхайрава, вешать, внтури, воздухе, времени, выдерживают, высокое, выставки, даже, детализации, детском, для, днём, древние, запаха, играючем, как, кали, качество, легкий, любые, мандал"
LIBERTY CAP,Шляпа Свободы.,"Шляпа Свободы. Сознание, мечты фантазии и реальность бытия - все переплелось в этой композиции. В голове нашего героя мы видим тропические пальмы, океанскую волну, в то время как сам он находится в северном лесу на густо покрытой мхом поляне. Кстати, это полотно перевертыш. Его МОЖНО вешать и наоборот. <br><br> Полотно изготовлено из приятного на ощупь синтетического шелка. Легкий и прочный материал. Активно светится в ультрафиолете, неоне и при RGB-свете. Высокое качество детализации. Чёткий рисунок с насыщенными цветами отлично смотрится и днём. Принт и материал выдерживают любые стирки и выставки open air. Без запаха, безопасно даже для спальни — можно вешать как внтури помещения, так и на открытом воздухе.",от 1990,в наличии XXL(4.5x3) 1 шт в CHUVASHIA; в наличии L(2.3x1.5) 1 шт в CHUVASHIA; в наличии M(1.5x1) 1 шт в CHUVASHIA; в наличии S(110x75) 1 шт в CHUVASHIA; в наличии XS(75x50) 1 шт в SAINT PITER и 1 шт в MOSCOW.,"Флуоресцентное полотно ""Шляпа Свободы."" — ANAHART","Шляпа Свободы. Светится в ультрафиолете. Идеально для декора, фестивалей и интерьеров.","air, open, rgb, Свободы, Шляпа, активно, без, безопасно, бытия, вешать, видим, внтури, воздухе, волну, время, все, выдерживают, высокое, выставки, героя, голове, густо, даже, детализации, для, днём, его, запаха, изготовлено, как, качество, композиции"
OWLS GORIZONT,Совы Горизонтальные.,"Совы Горизонтальные. Название рабочее стало в итоге личным. Хит. Уже более 10 лет неизменный хит с мистическими совами в северном лесу в горизонтальном исполнении. <br><br> Полотно изготовлено из приятного на ощупь синтетического шелка. Легкий и прочный материал. Активно светится в ультрафиолете, неоне и при RGB-свете. Высокое качество детализации. Чёткий рисунок с насыщенными цветами отлично смотрится и днём. Принт и материал выдерживают любые стирки и выставки open air. Без запаха, безопасно даже для спальни — можно вешать как внтури помещения, так и на открытом воздухе.",от 1990,в наличии L(2.3x1.5) 2 шт в CHUVASHIA; в наличии S(110x75) 2 шт в CHUVASHIA и 2 шт в SAINT PITER; в наличии XS(75x50) 2 шт в CHUVASHIA и 1 шт в MOSCOW.,"Флуоресцентное полотно ""Совы Горизонтальные."" — ANAHART","Совы Горизонтальные. Светится в ультрафиолете. Идеально для декора, фестивалей и интерьеров.","air, open, rgb, Горизонтальные, Совы, активно, без, безопасно, более, вешать, внтури, воздухе, выдерживают, высокое, выставки, горизонтальном, горизонтальные, даже, детализации, для, днём, запаха, изготовлено, исполнении, итоге, как, качество, легкий"
VERTICAL OWLS,Вертикальные Совы.,"Тот же хит с совами но в вертикальном исполнении, для целей, где нужны длиннные высокие полотна или вертикальные декорации. <br><br> Полотно изготовлено из приятного на ощупь синтетического шелка. Легкий и прочный материал. Активно светится в ультрафиолете, неоне и при RGB-свете. Высокое качество детализации. Чёткий рисунок с насыщенными цветами отлично смотрится и днём. Принт и материал выдерживают любые стирки и выставки open air. Без запаха, безопасно даже для спальни — можно вешать как внтури помещения, так и на открытом воздухе.",от 1990,в наличии XXL(4.5x3) 1 шт в CHUVASHIA; в наличии L(2.3x1.5) 1 шт в CHUVASHIA и 1 шт в MOSCOW; в наличии S(110x75) 2 шт в CHUVASHIA и 1 шт в MOSCOW; в наличии XS(75x50) 4 шт в CHUVASHIA и 1 шт в SAINT PITER и 1 шт в MOSCOW.,"Флуоресцентное полотно ""Вертикальные Совы."" — ANAHART","Тот же хит с совами но в вертикальном исполнении, для целей, где нужны длиннные высокие полотна или вертикальные декорации. Светится в ультрафиолете. Идеально для декора, фестивалей и интерьеров.","air, open, rgb, Вертикальные, Совы, активно, без, безопасно, вертикальном, вертикальные, вешать, внтури, воздухе, выдерживают, высокие, высокое, выставки, где, даже, декорации, детализации, длиннные, для, днём, запаха, изготовлено, или, исполнении, к"
DREAMCATCHERS,Совы Ловцы Снов.,"Еще одна композиция с совами. У одного psytrance лэйбла был заказ на хитовых сов, и им хотелось побольше арта в том же стиле, поэтому был создан этот эскиз, на основе которого также разрабатывалась обложка и футболки с люминесцентными принтами для известного чиллаут хип-хоп проекта в России. <br><br> Полотно изготовлено из приятного на ощупь синтетического шелка. Легкий и прочный материал. Активно светится в ультрафиолете, неоне и при RGB-свете. Высокое качество детализации. Чёткий рисунок с насыщенными цветами отлично смотрится и днём. Принт и материал выдерживают любые стирки и выставки open air. Без запаха, безопасно даже для спальни — можно вешать как внтури помещения, так и на открытом воздухе.",от 1990,в наличии XXL(4.5x3) 1 шт в CHUVASHIA; в наличии M(1.5x1) 1 шт в CHUVASHIA; в наличии S(110x75) 2 шт в CHUVASHIA; в наличии XS(75x50) 2 шт в CHUVASHIA.,"Флуоресцентное полотно ""Совы Ловцы Снов."" — ANAHART","Еще одна композиция с совами. Светится в ультрафиолете. Идеально для декора, фестивалей и интерьеров.","air, open, psytrance, rgb, Ловцы, Снов, Совы, активно, арта, без, безопасно, был, вешать, внтури, воздухе, выдерживают, высокое, выставки, даже, детализации, для, днём, еще, заказ, запаха, известного, изготовлено, как, качество, композиция, которого,"
FENIX,Сказочный Феникс.,"Сказочная Птица Феникс. Символ Надежды на Вечное Возрождение. И мы как Он же, то сгораем до тла, то снова воскресаем, и каждый раз с новыми силами. Ведь этот сайт - одно из крыльев нашей Птицы Счастья. <br><br> Полотно изготовлено из приятного на ощупь синтетического шелка. Легкий и прочный материал. Активно светится в ультрафиолете, неоне и при RGB-свете. Высокое качество детализации. Чёткий рисунок с насыщенными цветами отлично смотрится и днём. Принт и материал выдерживают любые стирки и выставки open air. Без запаха, безопасно даже для спальни — можно вешать как внтури помещения, так и на открытом воздухе.",от 1990,в наличии L(2.3x1.5) 1 шт в CHUVASHIA; в наличии M(1.5x1) 1 шт в MOSCOW; в наличии S(110x75) 2 шт в CHUVASHIA и 1 шт в SAINT PITER и 1 шт в MOSCOW; в наличии XS(75x50) 2 шт в CHUVASHIA.,"Флуоресцентное полотно ""Сказочный Феникс."" — ANAHART","Сказочная Птица Феникс. Светится в ультрафиолете. Идеально для декора, фестивалей и интерьеров.","air, open, rgb, Сказочный, Феникс, активно, без, безопасно, ведь, вечное, вешать, внтури, воздухе, возрождение, воскресаем, выдерживают, высокое, выставки, даже, детализации, для, днём, запаха, изготовлено, каждый, как, качество, крыльев, легкий, люб"
DRAGON TALES,Сказки Драконов.,"Драконьи сказки ли рептилоидные. Поживем, увидим. Однако на этой композиции намеренно смешаны древность и высокая культура с современным фастфудным поп-артом. Это отражение времени и подмены понятий.<br><br> Полотно изготовлено из приятного на ощупь синтетического шелка. Легкий и прочный материал. Активно светится в ультрафиолете, неоне и при RGB-свете. Высокое качество детализации. Чёткий рисунок с насыщенными цветами отлично смотрится и днём. Принт и материал выдерживают любые стирки и выставки open air. Без запаха, безопасно даже для спальни — можно вешать как внтури помещения, так и на открытом воздухе.",от 1990,в наличии L(2.3x1.5) 1 шт в CHUVASHIA; в наличии M(1.5x1) 1 шт в CHUVASHIA; в наличии S(110x75) 3 шт в CHUVASHIA и 1 шт в MOSCOW; в наличии XS(75x50) 4 шт в CHUVASHIA и 1 шт в SAINT PITER.,"Флуоресцентное полотно ""Сказки Драконов."" — ANAHART","Драконьи сказки ли рептилоидные. Светится в ультрафиолете. Идеально для декора, фестивалей и интерьеров.","air, open, rgb, Драконов, Сказки, активно, артом, без, безопасно, вешать, внтури, воздухе, времени, выдерживают, высокая, высокое, выставки, даже, детализации, для, днём, драконьи, древность, запаха, изготовлено, как, качество, композиции, культура, "
DARK FOR REST,Тёмный Лес.,"Темный лес. Или спокойствие в тишине. <br><br> Полотно изготовлено из приятного на ощупь синтетического шелка. Легкий и прочный материал. Активно светится в ультрафиолете, неоне и при RGB-свете. Высокое качество детализации. Чёткий рисунок с насыщенными цветами отлично смотрится и днём. Принт и материал выдерживают любые стирки и выставки open air. Без запаха, безопасно даже для спальни — можно вешать как внтури помещения, так и на открытом воздухе.",от 1990,в наличии L(2.3x1.5) 1 шт в MOSCOW; в наличии M(1.5x1) 2 шт в MOSCOW; в наличии S(110x75) 2 шт в CHUVASHIA и 1 шт в SAINT PITER и 1 шт в MOSCOW; в наличии XS(75x50) 5 шт в CHUVASHIA.,"Флуоресцентное полотно ""Тёмный Лес."" — ANAHART","Темный лес. Светится в ультрафиолете. Идеально для декора, фестивалей и интерьеров.","air, open, rgb, Лес, Тёмный, активно, без, безопасно, вешать, внтури, воздухе, выдерживают, высокое, выставки, даже, детализации, для, днём, запаха, изготовлено, или, как, качество, легкий, лес, любые, материал, можно, насыщенными, неоне, открытом, о"
TEA MASTER,Чайный Мастер.,"Чайная Церемония в исполнении мистических мастеров, знающих толк в традициях и качестве. <br><br> Полотно изготовлено из приятного на ощупь синтетического шелка. Легкий и прочный материал. Активно светится в ультрафиолете, неоне и при RGB-свете. Высокое качество детализации. Чёткий рисунок с насыщенными цветами отлично смотрится и днём. Принт и материал выдерживают любые стирки и выставки open air. Без запаха, безопасно даже для спальни — можно вешать как внтури помещения, так и на открытом воздухе.",от 1990,в наличии XXL(4.5x3) 1 шт в CHUVASHIA; в наличии M(1.5x1) 1 шт в CHUVASHIA и 1 шт в SAINT PITER; в наличии S(110x75) 2 шт в CHUVASHIA и 1 шт в SAINT PITER; в наличии XS(75x50) 3 шт в CHUVASHIA и 1 шт в SAINT PITER.,"Флуоресцентное полотно ""Чайный Мастер."" — ANAHART","Чайная Церемония в исполнении мистических мастеров, знающих толк в традициях и качестве. Светится в ультрафиолете. Идеально для декора, фестивалей и интерьеров.","air, open, rgb, Мастер, Чайный, активно, без, безопасно, вешать, внтури, воздухе, выдерживают, высокое, выставки, даже, детализации, для, днём, запаха, знающих, изготовлено, исполнении, как, качестве, качество, легкий, любые, мастеров, материал, мист"
ALCHEMY,Трилогия Алхимия. Полная версия.,"Трилогия Алхимия. Алхимия Цвета и Света, Дня и Ночи, Огня и Воды, Севера и Юга, Черного и Белого, Темного и Светлого. И так далее. И все это пересекается в руках Архитектора, Творца, Создателя этой сцены. <br><br> Полотно изготовлено из приятного на ощупь синтетического шелка. Легкий и прочный материал. Активно светится в ультрафиолете, неоне и при RGB-свете. Высокое качество детализации. Чёткий рисунок с насыщенными цветами отлично смотрится и днём. Принт и материал выдерживают любые стирки и выставки open air. Без запаха, безопасно даже для спальни — можно вешать как внтури помещения, так и на открытом воздухе.",от 1990,в наличии L(2.3x1.5) 1 шт в CHUVASHIA; в наличии M(1.5x1) 1 шт в CHUVASHIA; в наличии S(110x75) 2 шт в CHUVASHIA; в наличии XS(75x50) 2 шт в CHUVASHIA и 1 шт в SAINT PITER.,"Флуоресцентное полотно ""Трилогия Алхимия. Полная версия."" — ANAHART","Трилогия Алхимия. Светится в ультрафиолете. Идеально для декора, фестивалей и интерьеров.","air, open, rgb, Алхимия, Полная, Трилогия, активно, алхимия, архитектора, без, безопасно, белого, версия, вешать, внтури, воды, воздухе, все, выдерживают, высокое, выставки, даже, далее, детализации, для, дня, днём, запаха, изготовлено, как, качество"
FIRE,Трилогия. Дух Огня. Часть первая.,"Трилогия. Дух Огня. Часть первая. Здесь изображен монах у Огня в Ночи в Северном Лесу. <br><br> Полотно изготовлено из приятного на ощупь синтетического шелка. Легкий и прочный материал. Активно светится в ультрафиолете, неоне и при RGB-свете. Высокое качество детализации. Чёткий рисунок с насыщенными цветами отлично смотрится и днём. Принт и материал выдерживают любые стирки и выставки open air. Без запаха, безопасно даже для спальни — можно вешать как внтури помещения, так и на открытом воздухе.",от 1990,в наличии XXL(3x3) 1 шт в CHUVASHIA; в наличии XL(2.5x2.5) 1 шт в CHUVASHIA; в наличии L(1.5x1.5) 1 шт в CHUVASHIA; в наличии S(75x75) 1 шт в CHUVASHIA; в наличии XS(50x50) 5 шт в CHUVASHIA.,"Флуоресцентное полотно ""Трилогия. Дух Огня. Часть первая."" — ANAHART","Трилогия. Светится в ультрафиолете. Идеально для декора, фестивалей и интерьеров.","air, open, rgb, Дух, Огня, Трилогия, Часть, активно, без, безопасно, вешать, внтури, воздухе, выдерживают, высокое, выставки, даже, детализации, для, днём, дух, запаха, здесь, изготовлено, изображен, как, качество, легкий, лесу, любые, материал, можн"
ARCHITECT,Трилогия. Архитектор. Часть вторая.,"Трилогия. Архитектор. Часть вторая. Здесь изображены инструменты, силы, рычаги Творца-Создателя, Архитектора-Механика Мира, Его внутреннее устройство, можно сказать Лес Высшего Сознания. <br><br> Полотно изготовлено из приятного на ощупь синтетического шелка. Легкий и прочный материал. Активно светится в ультрафиолете, неоне и при RGB-свете. Высокое качество детализации. Чёткий рисунок с насыщенными цветами отлично смотрится и днём. Принт и материал выдерживают любые стирки и выставки open air. Без запаха, безопасно даже для спальни — можно вешать как внтури помещения, так и на открытом воздухе.",от 1990,в наличии XL(2.5x2.5) 1 шт в CHUVASHIA; в наличии L(1.5x1.5) 1 шт в MOSCOW; в наличии M(1x1) 2 шт в CHUVASHIA; в наличии S(75x75) 1 шт в CHUVASHIA; в наличии XS(50x50) 5 шт в CHUVASHIA.,"Флуоресцентное полотно ""Трилогия. Архитектор. Часть вторая."" — ANAHART","Трилогия. Светится в ультрафиолете. Идеально для декора, фестивалей и интерьеров.","air, open, rgb, Архитектор, Трилогия, Часть, активно, архитектор, архитектора, без, безопасно, вешать, внтури, внутреннее, воздухе, вторая, выдерживают, высокое, выставки, высшего, даже, детализации, для, днём, его, запаха, здесь, изготовлено, изобра"
WATER,Трилогия. Дух Воды. Часть третья.,"Трилогия. Дух Воды. Часть третья. Здесь изображен монах стоящий в тропических джунглях в полдень у воды. За ним Колесо Времени, которое крутится под напором Водопада Махакалы. <br><br> Полотно изготовлено из приятного на ощупь синтетического шелка. Легкий и прочный материал. Активно светится в ультрафиолете, неоне и при RGB-свете. Высокое качество детализации. Чёткий рисунок с насыщенными цветами отлично смотрится и днём. Принт и материал выдерживают любые стирки и выставки open air. Без запаха, безопасно даже для спальни — можно вешать как внтури помещения, так и на открытом воздухе.",от 1990,в наличии XXL(3x3) 1 шт в CHUVASHIA; в наличии XL(2.5x2.5) 1 шт в CHUVASHIA; в наличии L(1.5x1.5) 1 шт в MOSCOW; в наличии M(1x1) 1 шт в CHUVASHIA; в наличии S(75x75) 1 шт в CHUVASHIA; в наличии XS(50x50) 5 шт в CHUVASHIA.,"Флуоресцентное полотно ""Трилогия. Дух Воды. Часть третья."" — ANAHART","Трилогия. Светится в ультрафиолете. Идеально для декора, фестивалей и интерьеров.","air, open, rgb, Воды, Дух, Трилогия, Часть, активно, без, безопасно, вешать, внтури, водопада, воды, воздухе, времени, выдерживают, высокое, выставки, даже, детализации, джунглях, для, днём, дух, запаха, здесь, изготовлено, изображен, как, качество, "
COSMIC TEMPLE,Космический Храм. Водопад Махакалы.,"Космический Храм Водопад Махакалы. Это интерпретация течения времени как течения божественной реки, которая ниспадает в Храм Бога Времени - Махакалы. <br><br> Полотно изготовлено из приятного на ощупь синтетического шелка. Легкий и прочный материал. Активно светится в ультрафиолете, неоне и при RGB-свете. Высокое качество детализации. Чёткий рисунок с насыщенными цветами отлично смотрится и днём. Принт и материал выдерживают любые стирки и выставки open air. Без запаха, безопасно даже для спальни — можно вешать как внтури помещения, так и на открытом воздухе.",5990,в наличии M(1.5x0.9) 1 шт в MOSCOW.,"Флуоресцентное полотно ""Космический Храм. Водопад Махакалы."" — ANAHART","Космический Храм Водопад Махакалы. Светится в ультрафиолете. Идеально для декора, фестивалей и интерьеров.","air, open, rgb, Водопад, Космический, Махакалы, Храм, активно, без, безопасно, бога, божественной, вешать, внтури, водопад, воздухе, времени, выдерживают, высокое, выставки, даже, детализации, для, днём, запаха, изготовлено, интерпретация, как, качес"
COSMIC MONKS,Слёт Космических Монахов.,"Слет Космических Монахов. Название, я считаю, многое говорит само за себя. <br><br> Полотно изготовлено из приятного на ощупь синтетического шелка. Легкий и прочный материал. Активно светится в ультрафиолете, неоне и при RGB-свете. Высокое качество детализации. Чёткий рисунок с насыщенными цветами отлично смотрится и днём. Принт и материал выдерживают любые стирки и выставки open air. Без запаха, безопасно даже для спальни — можно вешать как внтури помещения, так и на открытом воздухе.",от 1990,в наличии L(2.3x1.5) 1 шт в CHUVASHIA; в наличии M(1.5x1) 1 шт в CHUVASHIA; в наличии S(110x75) 2 шт в CHUVASHIA; в наличии XS(75x50) 3 шт в CHUVASHIA и 1 шт в SAINT PITER.,"Флуоресцентное полотно ""Слёт Космических Монахов."" — ANAHART","Слет Космических Монахов. Светится в ультрафиолете. Идеально для декора, фестивалей и интерьеров.","air, open, rgb, Космических, Монахов, Слёт, активно, без, безопасно, вешать, внтури, воздухе, выдерживают, высокое, выставки, говорит, даже, детализации, для, днём, запаха, изготовлено, как, качество, космических, легкий, любые, материал, многое, мож"
BABA NAM KEVALAM,Космическая Мандала Baba Nam Kevalam.,"Мандала, нарисованная под многочасовую мантру с таким же названием. <br><br> Полотно изготовлено из приятного на ощупь синтетического шелка. Легкий и прочный материал. Активно светится в ультрафиолете, неоне и при RGB-свете. Высокое качество детализации. Чёткий рисунок с насыщенными цветами отлично смотрится и днём. Принт и материал выдерживают любые стирки и выставки open air. Без запаха, безопасно даже для спальни — можно вешать как внтури помещения, так и на открытом воздухе.",от 1990,в наличии M(1x1) 1 шт в CHUVASHIA; в наличии S(75x75) 2 шт в CHUVASHIA и 1 шт в SAINT PITER; в наличии XS(50x50) 3 шт в CHUVASHIA и 1 шт в MOSCOW.,"Флуоресцентное полотно ""Космическая Мандала Baba Nam Kevalam."" — ANAHART","Мандала, нарисованная под многочасовую мантру с таким же названием. Светится в ультрафиолете. Идеально для декора, фестивалей и интерьеров.","Baba, Kevalam, Nam, air, open, rgb, Космическая, Мандала, активно, без, безопасно, вешать, внтури, воздухе, выдерживают, высокое, выставки, даже, детализации, для, днём, запаха, изготовлено, как, качество, легкий, любые, мандала, мантру, материал, мн"
COSMIC TEA,Космический чай. Джинн Али.,"Полотно изображает африканскую чайную церемонию. В Марокко пьют зеленый чай с мятой. При наливании чая в стакан, чайничек высоко поднимается, чтобы образовывалось как можно больше пузырей, брызгов и шел пар с ароматом дикой мяты. Это по истине волшебное действо мы по-несколько раз в день проволим вживую и было решено запечатлеть это во флюрной композиции. <br><br> Полотно изготовлено из приятного на ощупь синтетического шелка. Легкий и прочный материал. Активно светится в ультрафиолете, неоне и при RGB-свете. Высокое качество детализации. Чёткий рисунок с насыщенными цветами отлично смотрится и днём. Принт и материал выдерживают любые стирки и выставки open air. Без запаха, безопасно даже для спальни — можно вешать как внтури помещения, так и на открытом воздухе.",от 3990,в наличии M(1.5x0.9) 1 шт в CHUVASHIA и 1 шт в MOSCOW; в наличии S(1.3x0.75) 1 шт в CHUVASHIA.,"Флуоресцентное полотно ""Космический чай. Джинн Али."" — ANAHART","Полотно изображает африканскую чайную церемонию. Светится в ультрафиолете. Идеально для декора, фестивалей и интерьеров.","air, open, rgb, Али, Джинн, Космический, активно, ароматом, африканскую, без, безопасно, больше, брызгов, было, вешать, вживую, внтури, воздухе, волшебное, выдерживают, высоко, высокое, выставки, даже, действо, день, детализации, дикой, для, днём, за"
AZTEC MANDALA,Мандала Ацтеков.,"Мандала Ацтеков. Древний портал забирающий сквозь вркемена. <br><br> Полотно изготовлено из приятного на ощупь синтетического шелка. Легкий и прочный материал. Активно светится в ультрафиолете, неоне и при RGB-свете. Высокое качество детализации. Чёткий рисунок с насыщенными цветами отлично смотрится и днём. Принт и материал выдерживают любые стирки и выставки open air. Без запаха, безопасно даже для спальни — можно вешать как внтури помещения, так и на открытом воздухе.",от 1990,в наличии L(1.5x1.5) 1 шт в CHUVASHIA; в наличии S(75x75) 1 шт в CHUVASHIA; в наличии XS(50x50) 1 шт в CHUVASHIA.,"Флуоресцентное полотно ""Мандала Ацтеков."" — ANAHART","Мандала Ацтеков. Светится в ультрафиолете. Идеально для декора, фестивалей и интерьеров.","air, open, rgb, Ацтеков, Мандала, активно, ацтеков, без, безопасно, вешать, внтури, воздухе, вркемена, выдерживают, высокое, выставки, даже, детализации, для, днём, древний, забирающий, запаха, изготовлено, как, качество, легкий, любые, мандала, мате"
SHAMANIC SUN,Шаманское Солнце.,"Шаманское Солнце. Абстрактная композиция, объединяющая в себе простешие графические элементы, встречающиеся практических во всех культурах мира, и восьмибитную систему изображения рисунков в современных технологиях.<br><br> Полотно изготовлено из приятного на ощупь синтетического шелка. Легкий и прочный материал. Активно светится в ультрафиолете, неоне и при RGB-свете. Высокое качество детализации. Чёткий рисунок с насыщенными цветами отлично смотрится и днём. Принт и материал выдерживают любые стирки и выставки open air. Без запаха, безопасно даже для спальни — можно вешать как внтури помещения, так и на открытом воздухе.",от 1990,в наличии L(2.75x1.5) 1 шт в MOSCOW; в наличии M(1.5x0.9) 1 шт в CHUVASHIA; в наличии XS(50x90) 2 шт в CHUVASHIA и 1 шт в SAINT PITER и 1 шт в MOSCOW.,"Флуоресцентное полотно ""Шаманское Солнце."" — ANAHART","Шаманское Солнце. Светится в ультрафиолете. Идеально для декора, фестивалей и интерьеров.","air, open, rgb, Солнце, Шаманское, абстрактная, активно, без, безопасно, вешать, внтури, воздухе, восьмибитную, всех, встречающиеся, выдерживают, высокое, выставки, графические, даже, детализации, для, днём, запаха, изготовлено, изображения, как, кач"
SANTA MADRE,Мать Природа.,"Мать Природа. На иностранный манер названная, Santa Madre, представляет собой Мать Природу из древних тюркских народов. Также представляет собой микс культур, точнее их пересечение, составленная из повторяющихся элментов как и в народах Латинской Америки , так и Среднего Поволжья и Азии, подбитое восьмибитной манерой исполнения. <br><br> Полотно изготовлено из приятного на ощупь синтетического шелка. Легкий и прочный материал. Активно светится в ультрафиолете, неоне и при RGB-свете. Высокое качество детализации. Чёткий рисунок с насыщенными цветами отлично смотрится и днём. Принт и материал выдерживают любые стирки и выставки open air. Без запаха, безопасно даже для спальни — можно вешать как внтури помещения, так и на открытом воздухе.",от 1990,в наличии M(1.5x1) 1 шт в CHUVASHIA; в наличии XS(75x50) 1 шт в CHUVASHIA и 1 шт в MOSCOW.,"Флуоресцентное полотно ""Мать Природа."" — ANAHART","Мать Природа. Светится в ультрафиолете. Идеально для декора, фестивалей и интерьеров.","air, madre, open, rgb, santa, Мать, Природа, азии, активно, америки, без, безопасно, вешать, внтури, воздухе, восьмибитной, выдерживают, высокое, выставки, даже, детализации, для, днём, древних, запаха, изготовлено, иностранный, исполнения, как, каче"
ASTRAL GEOMETRY,Астральная и Сакральная Геометрия.,"Астральная Геометрия. Полотно собранное из простейших геометрических элементов и рисунков, превращающееся в объемную 3D голограмму в очках chromadepth.<br><br> Полотно изготовлено из приятного на ощупь синтетического шелка. Легкий и прочный материал. Активно светится в ультрафиолете, неоне и при RGB-свете. Высокое качество детализации. Чёткий рисунок с насыщенными цветами отлично смотрится и днём. Принт и материал выдерживают любые стирки и выставки open air. Без запаха, безопасно даже для спальни — можно вешать как внтури помещения, так и на открытом воздухе.",от 1990,в наличии S(110x75) 2 шт в CHUVASHIA и 1 шт в SAINT PITER и 1 шт в MOSCOW; в наличии XS(75x50) 2 шт в CHUVASHIA.,"Флуоресцентное полотно ""Астральная и Сакральная Геометрия."" — ANAHART","Астральная Геометрия. Светится в ультрафиолете. Идеально для декора, фестивалей и интерьеров.","air, chromadepth, open, rgb, Астральная, Геометрия, Сакральная, активно, астральная, без, безопасно, вешать, внтури, воздухе, выдерживают, высокое, выставки, геометрических, геометрия, голограмму, даже, детализации, для, днём, запаха, изготовлено, ка"
FRACTAL BEE,Фрактальные Пчелы.,"Фрактальные Пчелы. Полотно нарисованное во времена безработицы и безденежья. Собеседования не случались, работа не находилось, и я решил нарисовать самых трудящихся работяг на мой взгляд (после муравьев конечно же) - пчелы. К тому же они строят очень фракстальные домишки, выглядят очень эффектно и собирают нектар! <br><br> Полотно изготовлено из приятного на ощупь синтетического шелка. Легкий и прочный материал. Активно светится в ультрафиолете, неоне и при RGB-свете. Высокое качество детализации. Чёткий рисунок с насыщенными цветами отлично смотрится и днём. Принт и материал выдерживают любые стирки и выставки open air. Без запаха, безопасно даже для спальни — можно вешать как внтури помещения, так и на открытом воздухе.",от 1990,в наличии L(2.3x1.5) 1 шт в CHUVASHIA; в наличии S(110x75) 2 шт в CHUVASHIA; в наличии XS(75x50) 2 шт в CHUVASHIA и 1 шт в SAINT PITER.,"Флуоресцентное полотно ""Фрактальные Пчелы."" — ANAHART","Фрактальные Пчелы. Светится в ультрафиолете. Идеально для декора, фестивалей и интерьеров.","air, open, rgb, Пчелы, Фрактальные, активно, без, безденежья, безопасно, безработицы, вешать, взгляд, внтури, воздухе, времена, выглядят, выдерживают, высокое, выставки, даже, детализации, для, днём, домишки, запаха, изготовлено, как, качество, конеч"
SUMMERTIME,Танец Бабочки. Летняя пора.,"Танец Бабочек. Летняя пора. Так и есть. Разбираем, легкое, ненавязчивае, и при этом фантастически волшебное полотно. Превращается в 3D голограмму и буквально оживает в очках chromadepth.<br><br> Полотно изготовлено из приятного на ощупь синтетического шелка. Легкий и прочный материал. Активно светится в ультрафиолете, неоне и при RGB-свете. Высокое качество детализации. Чёткий рисунок с насыщенными цветами отлично смотрится и днём. Принт и материал выдерживают любые стирки и выставки open air. Без запаха, безопасно даже для спальни — можно вешать как внтури помещения, так и на открытом воздухе.",от 1990,в наличии L(2.3x1.5) 1 шт в CHUVASHIA; в наличии XS(75x50) 1 шт в CHUVASHIA и 1 шт в MOSCOW.,"Флуоресцентное полотно ""Танец Бабочки. Летняя пора."" — ANAHART","Танец Бабочек. Светится в ультрафиолете. Идеально для декора, фестивалей и интерьеров.","air, chromadepth, open, rgb, Бабочки, Летняя, Танец, активно, бабочек, без, безопасно, буквально, вешать, внтури, воздухе, волшебное, выдерживают, высокое, выставки, голограмму, даже, детализации, для, днём, есть, запаха, изготовлено, как, качество, "
ROYAL COBRA,Королевская Кобра.,"Королевская Кобра. Хранители Всего Самого Чистого на Земле. Не редко можно увидеть кадры или видео, когда Королевская Кобра охраняет спящего младенца. Это потому что они чувствуют его чистоту и невинность.<br><br> Полотно изготовлено из приятного на ощупь синтетического шелка. Легкий и прочный материал. Активно светится в ультрафиолете, неоне и при RGB-свете. Высокое качество детализации. Чёткий рисунок с насыщенными цветами отлично смотрится и днём. Принт и материал выдерживают любые стирки и выставки open air. Без запаха, безопасно даже для спальни — можно вешать как внтури помещения, так и на открытом воздухе.",от 1990,в наличии XL(3x2) 1 шт в CHUVASHIA; в наличии M(1.5x1) 2 шт в CHUVASHIA; в наличии S(110x75) 1 шт в CHUVASHIA и 1 шт в MOSCOW; в наличии XS(75x50) 2 шт в CHUVASHIA и 1 шт в SAINT PITER.,"Флуоресцентное полотно ""Королевская Кобра."" — ANAHART","Королевская Кобра. Светится в ультрафиолете. Идеально для декора, фестивалей и интерьеров.","air, open, rgb, Кобра, Королевская, активно, без, безопасно, вешать, видео, внтури, воздухе, всего, выдерживают, высокое, выставки, даже, детализации, для, днём, его, запаха, земле, изготовлено, или, кадры, как, качество, кобра, когда, королевская, л"
FREEDOM WAVE,Волна Свободы.,"Волна Свободы. На этом полотне я запечатлел стрижа, который действительно прожил у нас недельку. Мы нашли подбитого на улице, он врезался в стекло, не справившись с управлением, потому что у него было много паразитов, Мы его вылечили, откромили и отпустили волю. Когда он улетал, он красиво покружил над нами, я вернулся домой и нарисовал эт ополотно в память об этом маленьком, но очень классном существе. <br><br> Полотно изготовлено из приятного на ощупь синтетического шелка. Легкий и прочный материал. Активно светится в ультрафиолете, неоне и при RGB-свете. Высокое качество детализации. Чёткий рисунок с насыщенными цветами отлично смотрится и днём. Принт и материал выдерживают любые стирки и выставки open air. Без запаха, безопасно даже для спальни — можно вешать как внтури помещения, так и на открытом воздухе.",от 1990,в наличии L(1.5x1.5) 1 шт в CHUVASHIA; в наличии S(75x75) 2 шт в CHUVASHIA и 1 шт в SAINT PITER и 1 шт в MOSCOW; в наличии XS(50x50) 3 шт в CHUVASHIA.,"Флуоресцентное полотно ""Волна Свободы."" — ANAHART","Волна Свободы. Светится в ультрафиолете. Идеально для декора, фестивалей и интерьеров.","air, open, rgb, Волна, Свободы, активно, без, безопасно, было, вернулся, вешать, внтури, воздухе, волна, волю, врезался, выдерживают, вылечили, высокое, выставки, даже, действительно, детализации, для, днём, домой, его, запаха, запечатлел, изготовлен"
VENOM,POP-ART COLLECTION. Веном.,"Веном. Дань любимому герою из Мультяшных Вселенных. В стиле POP-ART активнейше светится во флюре и становится объемной голограммой в очках chromadepth.<br><br> Полотно изготовлено из приятного на ощупь синтетического шелка. Легкий и прочный материал. Активно светится в ультрафиолете, неоне и при RGB-свете. Высокое качество детализации. Чёткий рисунок с насыщенными цветами отлично смотрится и днём. Принт и материал выдерживают любые стирки и выставки open air. Без запаха, безопасно даже для спальни — можно вешать как внтури помещения, так и на открытом воздухе.",от 5990,в наличии L(2.3x1.5) 1 шт в CHUVASHIA; в наличии M(1.5x1) 1 шт в SAINT PITER и 1 шт в MOSCOW.,"Флуоресцентное полотно ""POP-ART COLLECTION. Веном."" — ANAHART","Веном. Светится в ультрафиолете. Идеально для декора, фестивалей и интерьеров.","ART, COLLECTION, POP, air, art, chromadepth, open, pop, rgb, Веном, активнейше, активно, без, безопасно, веном, вешать, внтури, воздухе, вселенных, выдерживают, высокое, выставки, герою, голограммой, даже, дань, детализации, для, днём, запаха, изгото"
HARLY QUINN,POP-ART COLLECTION. Харли Куинн.,"Подруга для Венома - непревзойденная Харли Куинн. В стиле POP-ART ярчайше светится в ультрафиолетовом освещении и прямо оживает, превращаясь в голограмму в очках chromadepth.<br><br> Полотно изготовлено из приятного на ощупь синтетического шелка. Легкий и прочный материал. Активно светится в ультрафиолете, неоне и при RGB-свете. Высокое качество детализации. Чёткий рисунок с насыщенными цветами отлично смотрится и днём. Принт и материал выдерживают любые стирки и выставки open air. Без запаха, безопасно даже для спальни — можно вешать как внтури помещения, так и на открытом воздухе.",от 1990,в наличии L(2.3x1.5) 1 шт в CHUVASHIA; в наличии M(1.5x1) 1 шт в CHUVASHIA и 1 шт в MOSCOW; в наличии S(110x75) 1 шт в CHUVASHIA и 1 шт в SAINT PITER; в наличии XS(75x50) 3 шт в CHUVASHIA.,"Флуоресцентное полотно ""POP-ART COLLECTION. Харли Куинн."" — ANAHART","Подруга для Венома - непревзойденная Харли Куинн. Светится в ультрафиолете. Идеально для декора, фестивалей и интерьеров.","ART, COLLECTION, POP, air, art, chromadepth, open, pop, rgb, Куинн, Харли, активно, без, безопасно, венома, вешать, внтури, воздухе, выдерживают, высокое, выставки, голограмму, даже, детализации, для, днём, запаха, изготовлено, как, качество, куинн, "
TIME TO BURN,POP-ART COLLECTION. Время Жечь!,"Время жечь. Сломанные часы раз в день бывают правы. А наши же верны в любое время! <br><br> Полотно изготовлено из приятного на ощупь синтетического шелка. Легкий и прочный материал. Активно светится в ультрафиолете, неоне и при RGB-свете. Высокое качество детализации. Чёткий рисунок с насыщенными цветами отлично смотрится и днём. Принт и материал выдерживают любые стирки и выставки open air. Без запаха, безопасно даже для спальни — можно вешать как внтури помещения, так и на открытом воздухе.",от 1990,в наличии L(2.3x1.5) 1 шт в MOSCOW; в наличии M(1.5x1) 1 шт в MOSCOW; в наличии S(110x75) 1 шт в CHUVASHIA; в наличии XS(75x50) 2 шт в CHUVASHIA и 1 шт в SAINT PITER и 2 шт в MOSCOW.,"Флуоресцентное полотно ""POP-ART COLLECTION. Время Жечь!"" — ANAHART","Время жечь. Светится в ультрафиолете. Идеально для декора, фестивалей и интерьеров.","ART, COLLECTION, POP, air, open, rgb, Время, Жечь, активно, без, безопасно, бывают, верны, вешать, внтури, воздухе, время, выдерживают, высокое, выставки, даже, день, детализации, для, днём, жечь, запаха, изготовлено, как, качество, легкий, любое, лю"
KISS ON THE RAVE,POP-ART COLLECTION. Поцелуй На Вечеринке.,"Полотно ""Поцелуй на рейве"" в стиле POP-ART. Для ценителей стиля. Примечательно, что полотна в таком стиле просто космически светятся в ультрафиолете и превращаются в массивные 3D голограммы в очках Chromadepth.<br><br> Полотно изготовлено из приятного на ощупь синтетического шелка. Легкий и прочный материал. Активно светится в ультрафиолете, неоне и при RGB-свете. Высокое качество детализации. Чёткий рисунок с насыщенными цветами отлично смотрится и днём. Принт и материал выдерживают любые стирки и выставки open air. Без запаха, безопасно даже для спальни — можно вешать как внтури помещения, так и на открытом воздухе.",от 1990,в наличии L(1.5x1.5) 1 шт в CHUVASHIA; в наличии M(1x1) 1 шт в CHUVASHIA; в наличии S(75x75) 2 шт в CHUVASHIA и 1 шт в SAINT PITER и 1 шт в MOSCOW; в наличии XS(50x50) 1 шт в CHUVASHIA.,"Флуоресцентное полотно ""POP-ART COLLECTION. Поцелуй На Вечеринке."" — ANAHART","Полотно ""Поцелуй на рейве"" в стиле POP-ART. Светится в ультрафиолете. Идеально для декора, фестивалей и интерьеров.","ART, COLLECTION, POP, air, art, chromadepth, open, pop, rgb, Вечеринке, Поцелуй, активно, без, безопасно, вешать, внтури, воздухе, выдерживают, высокое, выставки, голограммы, даже, детализации, для, днём, запаха, изготовлено, как, качество, космическ"
HALAL ORNAMENT,Восточный Орнамент.,"Флуоресцентное полотно ""Восточный орнамент"" отллично смотрится как на стене, так и на столе, так и на потолке. Выпущено в единственном экземпляре. Можно смотреть как на стереокартинку. Полезно для зрения. <br><br> Полотно изготовлено из приятного на ощупь синтетического шелка. Легкий и прочный материал. Активно светится в ультрафиолете, неоне и при RGB-свете. Высокое качество детализации. Чёткий рисунок с насыщенными цветами отлично смотрится и днём. Принт и материал выдерживают любые стирки и выставки open air. Без запаха, безопасно даже для спальни — можно вешать как внтури помещения, так и на открытом воздухе.",5990,в наличии M(1.5x1) 1 шт в CHUVASHIA.,"Флуоресцентное полотно ""Восточный Орнамент."" — ANAHART","Флуоресцентное полотно ""Восточный орнамент"" отллично смотрится как на стене, так и на столе, так и на потолке. Светится в ультрафиолете. Идеально для декора, фестивалей и интерьеров.","air, open, rgb, Восточный, Орнамент, активно, без, безопасно, вешать, внтури, воздухе, восточный, выдерживают, выпущено, высокое, выставки, даже, детализации, для, днём, единственном, запаха, зрения, изготовлено, как, качество, легкий, любые, материа"
PSY DROP,Визионерский Портал.,"Флюрное полотно Визионерский Портал выпущен в очень органиченном количестве. Всего 1 большое полотно (распродано) и 1 маленькое (текущее, пока в наличии0.<br><br> Полотно изготовлено из приятного на ощупь синтетического шелка. Легкий и прочный материал. Активно светится в ультрафиолете, неоне и при RGB-свете. Высокое качество детализации. Чёткий рисунок с насыщенными цветами отлично смотрится и днём. Принт и материал выдерживают любые стирки и выставки open air. Без запаха, безопасно даже для спальни — можно вешать как внтури помещения, так и на открытом воздухе.",1990,в наличии XS(50x50) 1 шт в MOSCOW.,"Флуоресцентное полотно ""Визионерский Портал."" — ANAHART","Флюрное полотно Визионерский Портал выпущен в очень органиченном количестве. Светится в ультрафиолете. Идеально для декора, фестивалей и интерьеров.","air, open, rgb, Визионерский, Портал, активно, без, безопасно, большое, вешать, визионерский, внтури, воздухе, всего, выдерживают, выпущен, высокое, выставки, даже, детализации, для, днём, запаха, изготовлено, как, качество, количестве, легкий, любые"
